{"cameraMode":{"drawMode":0,"name":"Shaded","section":"Shading Mode"},"sceneLighting":false,"audioPlay":false,"sceneViewState":{"showFog":true,"showMaterialUpdate":false,"showSkybox":false,"showFlares":true,"showImageEffects":true,"showParticleSystems":true},"in2DMode":false,"pivot":{"x":-0.05526772141456604,"y":0.3852195739746094,"z":0.11748838424682617},"rotation":{"x":-0.13762083649635316,"y":-0.0599784292280674,"z":0.008323180489242077,"w":-0.9886557459831238},"size":4.366726398468018,"orthographic":false}