{"cameraMode":{"drawMode":0,"name":"Shaded","section":"Shading Mode"},"sceneLighting":false,"audioPlay":false,"sceneViewState":{"showFog":true,"showMaterialUpdate":false,"showSkybox":false,"showFlares":true,"showImageEffects":true,"showParticleSystems":true},"in2DMode":false,"pivot":{"x":0.09606671333312988,"y":4.066510200500488,"z":-9.449583053588868},"rotation":{"x":-0.15412190556526185,"y":0.032332878559827808,"z":-0.00516341021284461,"w":-0.9876190423965454},"size":42.381141662597659,"orthographic":false}