{"cameraMode":{"drawMode":0,"name":"Shaded","section":"Shading Mode"},"sceneLighting":true,"audioPlay":false,"sceneViewState":{"showFog":true,"showMaterialUpdate":false,"showSkybox":true,"showFlares":true,"showImageEffects":true,"showParticleSystems":true},"in2DMode":false,"pivot":{"x":4.203353404998779,"y":-13.573890686035157,"z":15.838888168334961},"rotation":{"x":-0.2626889944076538,"y":0.0034707565791904928,"z":-0.0009449209901504219,"w":-0.9648738503456116},"size":39.05931854248047,"orthographic":false}