{"cameraMode":{"drawMode":0,"name":"Shaded","section":"Shading Mode"},"sceneLighting":false,"audioPlay":false,"sceneViewState":{"showFog":true,"showMaterialUpdate":false,"showSkybox":false,"showFlares":true,"showImageEffects":true,"showParticleSystems":true},"in2DMode":false,"pivot":{"x":-0.6449875831604004,"y":-5.408881187438965,"z":-2.708515167236328},"rotation":{"x":-0.2333553582429886,"y":-0.04752383008599281,"z":0.011460315436124802,"w":-0.9711881279945374},"size":34.08671951293945,"orthographic":false}