{"cameraMode":{"drawMode":0,"name":"Shaded","section":"Shading Mode"},"sceneLighting":true,"audioPlay":false,"sceneViewState":{"showFog":true,"showMaterialUpdate":false,"showSkybox":true,"showFlares":true,"showImageEffects":true,"showParticleSystems":true},"in2DMode":false,"pivot":{"x":-8.739235877990723,"y":-39.09954833984375,"z":83.828857421875},"rotation":{"x":0.22118733823299409,"y":-0.06256428360939026,"z":0.014220639131963253,"w":0.9731189608573914},"size":101.39447021484375,"orthographic":false}