{"cameraMode":{"drawMode":0,"name":"Shaded","section":"Shading Mode"},"sceneLighting":false,"audioPlay":false,"sceneViewState":{"showFog":true,"showMaterialUpdate":false,"showSkybox":false,"showFlares":true,"showImageEffects":true,"showParticleSystems":true},"in2DMode":false,"pivot":{"x":-0.2770671248435974,"y":0.002440929412841797,"z":0.11871027946472168},"rotation":{"x":-0.2333553582429886,"y":-0.04752383008599281,"z":0.011460315436124802,"w":-0.9711881279945374},"size":2.8536014556884767,"orthographic":false}