{"cameraMode":{"drawMode":0,"name":"Shaded","section":"Shading Mode"},"sceneLighting":false,"audioPlay":false,"sceneViewState":{"showFog":true,"showMaterialUpdate":false,"showSkybox":false,"showFlares":true,"showImageEffects":true,"showParticleSystems":true},"in2DMode":false,"pivot":{"x":-0.2652168273925781,"y":11.485004425048829,"z":0.2938708961009979},"rotation":{"x":0.13134755194187165,"y":0.6862919330596924,"z":-0.12807691097259522,"w":0.7038110494613648},"size":32.05316925048828,"orthographic":false}