{"cameraMode":{"drawMode":0,"name":"Shaded","section":"Shading Mode"},"sceneLighting":false,"audioPlay":false,"sceneViewState":{"showFog":true,"showMaterialUpdate":false,"showSkybox":false,"showFlares":true,"showImageEffects":true,"showParticleSystems":true},"in2DMode":false,"pivot":{"x":-0.20881237089633943,"y":1.0899219512939454,"z":-4.5822296142578129},"rotation":{"x":0.16456997394561768,"y":0.001159918843768537,"z":-0.00019292619253974408,"w":0.9864356517791748},"size":13.71053695678711,"orthographic":false}